neighbourhood_group,neighbourhood
,Ward 1
,Ward 10
,Ward 100
,Ward 101
,Ward 102
,Ward 103
,Ward 104
,Ward 105
,Ward 106
,Ward 107
,Ward 108
,Ward 109
,Ward 11
,Ward 110
,Ward 111
,Ward 112
,Ward 113
,Ward 114
,Ward 115
,Ward 116
,Ward 12
,Ward 13
,Ward 14
,Ward 15
,Ward 16
,Ward 17
,Ward 18
,Ward 19
,Ward 2
,Ward 20
,Ward 21
,Ward 22
,Ward 23
,Ward 24
,Ward 25
,Ward 26
,Ward 27
,Ward 28
,Ward 29
,Ward 3
,Ward 30
,Ward 31
,Ward 32
,Ward 33
,Ward 34
,Ward 35
,Ward 36
,Ward 37
,Ward 38
,Ward 39
,Ward 4
,Ward 40
,Ward 41
,Ward 42
,Ward 43
,Ward 44
,Ward 45
,Ward 46
,Ward 47
,Ward 48
,Ward 49
,Ward 5
,Ward 50
,Ward 51
,Ward 52
,Ward 53
,Ward 54
,Ward 55
,Ward 56
,Ward 57
,Ward 58
,Ward 59
,Ward 6
,Ward 60
,Ward 61
,Ward 62
,Ward 63
,Ward 64
,Ward 65
,Ward 66
,Ward 67
,Ward 68
,Ward 69
,Ward 7
,Ward 70
,Ward 71
,Ward 72
,Ward 73
,Ward 74
,Ward 75
,Ward 76
,Ward 77
,Ward 78
,Ward 79
,Ward 8
,Ward 80
,Ward 81
,Ward 82
,Ward 83
,Ward 84
,Ward 85
,Ward 86
,Ward 87
,Ward 88
,Ward 89
,Ward 9
,Ward 90
,Ward 91
,Ward 92
,Ward 93
,Ward 94
,Ward 95
,Ward 96
,Ward 97
,Ward 98
,Ward 99
